,species_name,coded_property_name,collapsed_data
0,Carex_adrienii,maximum_leaf_width,"2cm,3cm"
1,Carex_adrienii,maximum_plant_height,"30cm,50cm"
2,Carex_aequialta,maximum_leaf_width,"3mm,4mm"
3,Carex_aequialta,maximum_plant_height,";30cm,60cm"
4,Carex_agglomerata,maximum_leaf_width,"2mm,6mm"
5,Carex_agglomerata,maximum_plant_height,";20cm,60cm;"
6,Carex_alajica,maximum_leaf_width,"1.5mm,2.5mm"
7,Carex_alajica,maximum_plant_height,";15cm,25cm"
8,Carex_alba,maximum_leaf_width,
9,Carex_alba,maximum_plant_height,";15cm,30cm;"
10,Carex_alliiformis,maximum_leaf_width,"7mm,14mm"
11,Carex_alliiformis,maximum_plant_height,";25cm,45cm"
12,Carex_alopecuroides,maximum_leaf_width,"2mm,4mm"
13,Carex_alopecuroides,maximum_plant_height,";30cm,60cm"
14,Carex_alta,maximum_leaf_width,"2mm,3mm"
15,Carex_alta,maximum_plant_height,";40cm,80cm"
16,Carex_altaica,maximum_leaf_width,"3mm,4mm"
17,Carex_altaica,maximum_plant_height,";15cm,30cm;1mm,1.5mm"
18,Carex_amgunensis,maximum_leaf_width,"1mm,2mm"
19,Carex_amgunensis,maximum_plant_height,";15cm,35cm;"
20,Carex_angarae,maximum_leaf_width,"2mm,3mm"
21,Carex_angarae,maximum_plant_height,";30cm,60cm;"
22,Carex_angustiutricula,maximum_leaf_width,"3mm,6mm"
23,Carex_angustiutricula,maximum_plant_height,"30cm,35cm"
24,Carex_anningensis,maximum_leaf_width,
25,Carex_anningensis,maximum_plant_height,";25cm,30cm;;"
26,Carex_anomoea,maximum_leaf_width,
27,Carex_anomoea,maximum_plant_height,"22cm,55cm"
28,Carex_aperta,maximum_leaf_width,
29,Carex_aperta,maximum_plant_height,";60cm,70cm"
30,Carex_aphanolepis,maximum_leaf_width,"3mm,8mm"
31,Carex_aphanolepis,maximum_plant_height,";15cm,30cm;"
32,Carex_appendiculata,maximum_leaf_width,
33,Carex_appendiculata,maximum_plant_height,";30cm,75cm;"
34,Carex_arcatica,maximum_leaf_width,"2mm,3mm"
35,Carex_arcatica,maximum_plant_height,";20cm,50cm;"
36,Carex_argunensis,maximum_inflorescence_length,"1.5cm,2cm"
37,Carex_argunensis,maximum_inflorescence_width,
38,Carex_argunensis,maximum_leaf_width,"2mm,3mm"
39,Carex_argunensis,maximum_plant_height,";10cm,25cm"
40,Carex_argyi,maximum_leaf_width,"3mm,4mm"
41,Carex_argyi,maximum_plant_height,";30cm,60cm"
42,Carex_aridula,maximum_leaf_width,"1mm,1.5mm"
43,Carex_aridula,maximum_plant_height,";5cm,20cm;"
44,Carex_arisanensis,maximum_leaf_width,"4mm,8mm;4mm,8mm;12mm,18mm"
45,Carex_arisanensis,maximum_plant_height,";15cm,40cm;"
46,Carex_aristatisquamata,maximum_leaf_width,
47,Carex_aristatisquamata,maximum_plant_height,";25cm,45cm;"
48,Carex_aristulifera,maximum_leaf_width,"1.5mm,2mm"
49,Carex_aristulifera,maximum_plant_height,";15cm,30cm;"
50,Carex_arnellii,maximum_leaf_width,"3mm,4mm"
51,Carex_arnellii,maximum_plant_height,";25cm,90cm;"
52,Carex_ascotreta,maximum_leaf_width,"2mm,4mm"
53,Carex_ascotreta,maximum_plant_height,";10cm,60cm"
54,Carex_asperifructus,maximum_leaf_width,"1mm,2mm"
55,Carex_asperifructus,maximum_plant_height,";10cm,20cm;"
56,Carex_atrata,maximum_leaf_width,"3mm,5mm"
57,Carex_atrata,maximum_plant_height,";15cm,65cm"
58,Carex_atrofusca,maximum_leaf_width,"2mm,3mm;3mm,5mm"
59,Carex_atrofusca,maximum_plant_height,";10cm,70cm"
60,Carex_atrofuscoides,maximum_leaf_width,"2mm,4mm"
61,Carex_atrofuscoides,maximum_plant_height,";20cm,30cm"
62,Carex_augustinowiczii,maximum_leaf_width,"2mm,3mm"
63,Carex_augustinowiczii,maximum_plant_height,";30cm,50cm;"
64,Carex_austro-occidentalis,maximum_inflorescence_length,";;6mm,8mm"
65,Carex_austro-occidentalis,maximum_leaf_width,
66,Carex_austro-occidentalis,maximum_plant_height,";10cm,25cm;"
67,Carex_austrosinensis,maximum_leaf_width,"1.5mm,3mm"
68,Carex_austrosinensis,maximum_plant_height,";25cm,45cm;"
69,Carex_austrozhejiangensis,maximum_leaf_width,"7mm,12mm"
70,Carex_austrozhejiangensis,maximum_plant_height,";15cm,40cm;"
71,Carex_autumnalis,maximum_leaf_width,"2mm,3mm"
72,Carex_autumnalis,maximum_plant_height,"60cm,70cm;;;50cm,60cm"
73,Carex_baccans,maximum_leaf_width,"8mm,12mm"
74,Carex_baccans,maximum_plant_height,"80cm,150cm"
75,Carex_baimaensis,maximum_leaf_width,"3mm,5mm"
76,Carex_baimaensis,maximum_plant_height,";20cm,40cm"
77,Carex_baiposhanensis,maximum_leaf_width,"5mm,7mm"
78,Carex_baiposhanensis,maximum_plant_height,";40cm,50cm;"
79,Carex_baohuashanica,maximum_leaf_width,"3mm,4mm"
80,Carex_baohuashanica,maximum_plant_height,";50cm,60cm;"
81,Carex_basilata,maximum_leaf_width,"1mm,2mm"
82,Carex_basilata,maximum_plant_height,";20cm,40cm;"
83,Carex_benkei,maximum_leaf_width,"3mm,4mm"
84,Carex_benkei,maximum_plant_height,";30cm,60cm"
85,Carex_bijiangensis,maximum_leaf_width,"4mm,7mm"
86,Carex_bijiangensis,maximum_plant_height,";50cm,60cm"
87,Carex_bilateralis,maximum_leaf_width,"2mm,3mm"
88,Carex_bilateralis,maximum_plant_height,";40cm,60cm"
89,Carex_blinii,maximum_leaf_width,"2mm,5mm;3mm,7mm;2mm,7mm"
90,Carex_blinii,maximum_plant_height,";3cm,13cm"
91,Carex_bodinieri,maximum_leaf_width,"2mm,4mm"
92,Carex_bodinieri,maximum_plant_height,";;35cm,100cm"
93,Carex_bohemica,maximum_inflorescence_length,"1.5cm,2cm"
94,Carex_bohemica,maximum_inflorescence_width,"1.5cm,2cm"
95,Carex_bohemica,maximum_leaf_width,"2mm,4mm"
96,Carex_bohemica,maximum_plant_height,";25cm,40cm"
97,Carex_borealihinganica,maximum_leaf_width,"2mm,4mm"
98,Carex_borealihinganica,maximum_plant_height,";40cm,50cm"
99,Carex_bostrychostigma,maximum_leaf_width,"3mm,4mm"
100,Carex_bostrychostigma,maximum_plant_height,";20cm,50cm;"
101,Carex_brachyathera,maximum_leaf_width,"1.5mm,2.5mm"
102,Carex_brachyathera,maximum_plant_height,";30cm,60cm;"
103,Carex_breviaristata,maximum_leaf_width,"3mm,5mm"
104,Carex_breviaristata,maximum_plant_height,";15cm,35cm;"
105,Carex_breviculmis,maximum_leaf_width,"3mm,5mm;2mm,3mm"
106,Carex_breviculmis,maximum_plant_height,";8cm,40cm;"
107,Carex_brevicuspis,maximum_leaf_width,"5mm,10mm"
108,Carex_brevicuspis,maximum_plant_height,";;20cm,55cm"
109,Carex_breviscapa,maximum_leaf_width,"4mm,7mm"
110,Carex_breviscapa,maximum_plant_height,";10cm,20cm"
111,Carex_brownii,maximum_leaf_width,"3mm,4mm"
112,Carex_brownii,maximum_plant_height,";30cm,60cm"
113,Carex_brunnea,maximum_leaf_width,"2mm,3mm"
114,Carex_brunnea,maximum_plant_height,";;40cm,70cm"
115,Carex_burttii,maximum_leaf_width,"2mm,3.5mm"
116,Carex_burttii,maximum_plant_height,"40cm,80cm"
117,Carex_caespititia,maximum_leaf_width,"3mm,4mm"
118,Carex_caespititia,maximum_plant_height,";15cm,20cm;"
119,Carex_caespitosa,maximum_leaf_width,"2mm,3.5mm"
120,Carex_caespitosa,maximum_plant_height,";40cm,90cm;"
121,Carex_calcicola,maximum_leaf_width,"0.8cm,1.1cm"
122,Carex_calcicola,maximum_plant_height,";50cm,60cm"
123,Carex_callitrichos,maximum_leaf_width,"0.8mm,1mm;0.2mm,0.8mm"
124,Carex_callitrichos,maximum_plant_height,";2cm,6cm"
125,Carex_canaliculata,maximum_leaf_width,"4mm,6mm"
126,Carex_canaliculata,maximum_plant_height,";18cm,30cm;"
127,Carex_canescens,maximum_leaf_width,"2mm,3mm"
128,Carex_canescens,maximum_plant_height,";25cm,50cm"
129,Carex_capillacea,maximum_inflorescence_length,"4mm,7mm;3mm,6mm"
130,Carex_capillacea,maximum_leaf_width,"0.5mm,1mm"
131,Carex_capillacea,maximum_plant_height,";15cm,40cm"
132,Carex_capillaris,maximum_leaf_width,"1.5mm,2mm"
133,Carex_capillaris,maximum_plant_height,";15cm,40cm;"
134,Carex_capilliculmis,maximum_leaf_width,"1mm,2.5mm"
135,Carex_capilliculmis,maximum_plant_height,";15cm,20cm;"
136,Carex_capilliformis,maximum_leaf_width,"0.5mm,3mm"
137,Carex_capilliformis,maximum_plant_height,"6cm,10cm;;10cm,50cm"
138,Carex_capricornis,maximum_leaf_width,"3mm,8mm"
139,Carex_capricornis,maximum_plant_height,";;30cm,70cm"
140,Carex_cardiolepis,maximum_leaf_width,"1mm,2mm"
141,Carex_cardiolepis,maximum_plant_height,";20cm,40cm;"
142,Carex_caucasica,maximum_leaf_width,"4mm,8mm;3mm,8mm;3mm,5mm"
143,Carex_caucasica,maximum_plant_height,";25cm,70cm"
144,Carex_caudispicata,maximum_leaf_width,"3mm,5mm"
145,Carex_caudispicata,maximum_plant_height,";;10cm,30cm;1mm,1.5mm"
146,Carex_changmuensis,maximum_leaf_width,"3mm,4mm"
147,Carex_changmuensis,maximum_plant_height,";30cm,40cm;"
148,Carex_chaofangii,maximum_leaf_width,"6mm,10mm"
149,Carex_chaofangii,maximum_plant_height,";25cm,35cm"
150,Carex_cheniana,maximum_leaf_width,"5mm,9mm"
151,Carex_cheniana,maximum_plant_height,";40cm,57cm"
152,Carex_chinensis,maximum_leaf_width,"3mm,9mm"
153,Carex_chinensis,maximum_plant_height,";20cm,55cm;"
154,Carex_chinganensis,maximum_leaf_width,"1mm,1.5mm"
155,Carex_chinganensis,maximum_plant_height,";20cm,40cm;"
156,Carex_chiwuana,maximum_leaf_width,"3mm,5mm"
157,Carex_chiwuana,maximum_plant_height,";18cm,30cm;;"
158,Carex_chlorocephalula,maximum_leaf_width,"1.5mm,3mm"
159,Carex_chlorocephalula,maximum_plant_height,";6cm,30cm;"
160,Carex_chlorostachys,maximum_leaf_width,"2mm,2.5mm"
161,Carex_chlorostachys,maximum_plant_height,"30cm,50cm;;10cm,30cm;"
162,Carex_chrysolepis,maximum_leaf_width,"1.5mm,3mm"
163,Carex_chrysolepis,maximum_plant_height,";10cm,35cm;"
164,Carex_chuana,maximum_leaf_width,
165,Carex_chuana,maximum_plant_height,";10cm,20cm;;"
166,Carex_chui,maximum_leaf_width,"1mm,1.5mm"
167,Carex_chui,maximum_plant_height,";5cm,20cm;"
168,Carex_chungii,maximum_leaf_width,"2mm,3mm;1.5mm,2mm"
169,Carex_chungii,maximum_plant_height,";25cm,50cm;"
170,Carex_cinerascens,maximum_leaf_width,"2mm,4mm"
171,Carex_cinerascens,maximum_plant_height,";25cm,60cm"
172,Carex_commixta,maximum_leaf_width,"2cm,2.5cm"
173,Carex_commixta,maximum_plant_height,"30cm,100cm"
174,Carex_composita,maximum_leaf_width,"2mm,3mm"
175,Carex_composita,maximum_plant_height,"40cm,60cm"
176,Carex_confertiflora,maximum_leaf_width,"8mm,12mm"
177,Carex_confertiflora,maximum_plant_height,";60cm,95cm"
178,Carex_continua,maximum_leaf_width,"6mm,8mm"
179,Carex_continua,maximum_plant_height,"60cm,90cm"
180,Carex_coriophora,maximum_leaf_width,"3mm,5mm"
181,Carex_coriophora,maximum_plant_height,";50cm,70cm"
182,Carex_courtallensis,maximum_leaf_width,"0.8cm,2cm"
183,Carex_courtallensis,maximum_plant_height,";35cm,55cm;1.5mm,2mm"
184,Carex_cranaocarpa,maximum_leaf_width,"2mm,3mm"
185,Carex_cranaocarpa,maximum_plant_height,";50cm,80cm"
186,Carex_craspedotricha,maximum_inflorescence_length,"10cm,15cm"
187,Carex_craspedotricha,maximum_leaf_width,"2mm,3mm"
188,Carex_craspedotricha,maximum_plant_height,";30cm,55cm"
189,Carex_crebra,maximum_leaf_width,"0.8mm,1mm"
190,Carex_crebra,maximum_plant_height,";10cm,30cm;0mm,1.5mm"
191,Carex_cremostachys,maximum_leaf_width,"4mm,6mm"
192,Carex_cremostachys,maximum_plant_height,";0cm,90cm"
193,Carex_cruciata,maximum_leaf_width,"4mm,13mm"
194,Carex_cruciata,maximum_plant_height,"40cm,90cm"
195,Carex_cruenta,maximum_leaf_width,"3mm,4mm"
196,Carex_cruenta,maximum_plant_height,";20cm,75cm;"
197,Carex_cryptocarpa,maximum_leaf_width,"5mm,10mm"
198,Carex_cryptocarpa,maximum_plant_height,";30cm,120cm"
199,Carex_cryptostachys,maximum_leaf_width,"6mm,15mm"
200,Carex_cryptostachys,maximum_plant_height,";12cm,30cm"
201,Carex_curaica,maximum_inflorescence_length,"1.5cm,2cm"
202,Carex_curaica,maximum_leaf_width,"3mm,3.5mm"
203,Carex_curaica,maximum_plant_height,";20cm,38cm"
204,Carex_cylindrostachys,maximum_leaf_width,"2mm,3mm"
205,Carex_cylindrostachys,maximum_plant_height,";12cm,20cm;1.5mm,2mm"
206,Carex_dahurica,maximum_inflorescence_length,"4mm,7mm"
207,Carex_dahurica,maximum_inflorescence_width,"4mm,5mm"
208,Carex_dahurica,maximum_leaf_width,";0.5mm,1mm"
209,Carex_dahurica,maximum_plant_height,";10cm,20cm"
210,Carex_dailingensis,maximum_inflorescence_length,";1cm,1.8cm"
211,Carex_dailingensis,maximum_leaf_width,"2.5mm,3.5mm"
212,Carex_dailingensis,maximum_plant_height,";35cm,58cm"
213,Carex_damiaoshanensis,maximum_leaf_width,"2cm,5cm"
214,Carex_damiaoshanensis,maximum_plant_height,"25cm,40cm"
215,Carex_davidii,maximum_leaf_width,"2mm,5mm"
216,Carex_davidii,maximum_plant_height,";20cm,65cm;"
217,Carex_dayuongensis,maximum_leaf_width,"1mm,2mm"
218,Carex_dayuongensis,maximum_plant_height,";20cm,30cm;"
219,Carex_deciduisquama,maximum_leaf_width,"5mm,7mm"
220,Carex_deciduisquama,maximum_plant_height,";0m,1m;"
221,Carex_delavayi,maximum_leaf_width,"3mm,5mm"
222,Carex_delavayi,maximum_plant_height,";10cm,30cm"
223,Carex_densicaespitosa,maximum_inflorescence_length,";2.5cm,3cm"
224,Carex_densicaespitosa,maximum_plant_height,";20cm,55cm;"
225,Carex_densifimbriata,maximum_leaf_width,"2.8cm,4.5cm"
226,Carex_densifimbriata,maximum_plant_height,"30cm,80cm"
227,Carex_densipilosa,maximum_leaf_width,"4mm,12mm"
228,Carex_densipilosa,maximum_plant_height,";15cm,35cm"
229,Carex_deqinensis,maximum_leaf_width,"2mm,3mm"
230,Carex_deqinensis,maximum_plant_height,"65cm,80cm;"
231,Carex_diandra,maximum_inflorescence_length,"2cm,3.5cm"
232,Carex_diandra,maximum_leaf_width,"2mm,3mm"
233,Carex_diandra,maximum_plant_height,"45cm,90cm;;30cm,45cm"
234,Carex_dichroa,maximum_plant_height,"15cm,50cm"
235,Carex_dickinsii,maximum_leaf_width,"4mm,8mm"
236,Carex_dickinsii,maximum_plant_height,";20cm,70cm"
237,Carex_dielsiana,maximum_leaf_width,
238,Carex_dielsiana,maximum_plant_height,";25cm,60cm"
239,Carex_dimorpholepis,maximum_leaf_width,"4mm,7mm"
240,Carex_dimorpholepis,maximum_plant_height,";35cm,80cm"
241,Carex_diplodon,maximum_leaf_width,"3mm,5mm"
242,Carex_diplodon,maximum_plant_height,";19cm,22cm"
243,Carex_dispalata,maximum_leaf_width,"4mm,8mm"
244,Carex_dispalata,maximum_plant_height,";40cm,80cm"
245,Carex_disperma,maximum_leaf_width,"1mm,1.5mm"
246,Carex_disperma,maximum_plant_height,";30cm,50cm"
247,Carex_doisutepensis,maximum_leaf_width,"3mm,4mm"
248,Carex_doisutepensis,maximum_plant_height,"0cm,150cm"
249,Carex_dolichostachya,maximum_leaf_width,"3mm,10mm;5mm,10mm;3mm,5mm"
250,Carex_dolichostachya,maximum_plant_height,";30cm,60cm;"
251,Carex_doniana,maximum_leaf_width,"5mm,12mm"
252,Carex_doniana,maximum_plant_height,";30cm,60cm"
253,Carex_drepanorhyncha,maximum_leaf_width,"3mm,5mm"
254,Carex_drepanorhyncha,maximum_plant_height,";20cm,45cm;"
255,Carex_drymophila,maximum_leaf_width,"6mm,10mm;4mm,6mm;4mm,6mm;8mm,10mm;5mm,8mm"
256,Carex_drymophila,maximum_plant_height,"70cm,100cm;;;;60cm,70cm;60cm,70cm;0cm,100cm"
257,Carex_duriuscula,maximum_inflorescence_length,"5mm,15mm"
258,Carex_duriuscula,maximum_inflorescence_width,
259,Carex_duriuscula,maximum_leaf_width,"1mm,1.5mm"
260,Carex_duriuscula,maximum_plant_height,";5cm,20cm;"
261,Carex_duthiei,maximum_leaf_width,"3mm,5mm"
262,Carex_duthiei,maximum_plant_height,";15cm,25cm"
263,Carex_duvaliana,maximum_leaf_width,"1.5mm,3mm"
264,Carex_duvaliana,maximum_plant_height,";20cm,35cm;"
265,Carex_earistata,maximum_inflorescence_length,"2.5cm,4.5cm"
266,Carex_earistata,maximum_inflorescence_width,"1cm,1.5cm"
267,Carex_earistata,maximum_leaf_width,"3mm,5mm"
268,Carex_earistata,maximum_plant_height,";20cm,55cm"
269,Carex_echinochloiformis,maximum_inflorescence_length,"8cm,13cm"
270,Carex_echinochloiformis,maximum_leaf_width,"4mm,5mm"
271,Carex_echinochloiformis,maximum_plant_height,";35cm,90cm"
272,Carex_eleusinoides,maximum_leaf_width,"2.5mm,4mm"
273,Carex_eleusinoides,maximum_plant_height,";30cm,40cm;"
274,Carex_eminens,maximum_leaf_width,"5mm,8mm"
275,Carex_eminens,maximum_plant_height,";80cm,120cm"
276,Carex_enervis,maximum_inflorescence_length,"1cm,2cm"
277,Carex_enervis,maximum_inflorescence_width,"0.7cm,1.4cm"
278,Carex_enervis,maximum_leaf_width,"2mm,3mm"
279,Carex_enervis,maximum_plant_height,";10cm,30cm"
280,Carex_ensifolia,maximum_leaf_width,"2mm,3mm"
281,Carex_ensifolia,maximum_plant_height,";15cm,60cm;"
282,Carex_ereica,maximum_leaf_width,"5mm,8mm"
283,Carex_ereica,maximum_plant_height,";0cm,85cm"
284,Carex_eremopyroides,maximum_leaf_width,"2mm,3mm"
285,Carex_eremopyroides,maximum_plant_height,";5cm,25cm"
286,Carex_eriophylla,maximum_leaf_width,"5mm,8mm"
287,Carex_eriophylla,maximum_plant_height,";70cm,100cm"
288,Carex_erythrobasis,maximum_plant_height,";12cm,25cm;"
289,Carex_esquiroliana,maximum_leaf_width,"0.5cm,2.5cm"
290,Carex_esquiroliana,maximum_plant_height,
291,Carex_fargesii,maximum_leaf_width,"0.8cm,1.2cm"
292,Carex_fargesii,maximum_plant_height,";45cm,95cm;3mm,5mm"
293,Carex_fastigiata,maximum_leaf_width,"5mm,9mm"
294,Carex_fastigiata,maximum_plant_height,";20cm,50cm"
295,Carex_fedia,maximum_leaf_width,"3mm,4mm"
296,Carex_fedia,maximum_plant_height,";30cm,75cm"
297,Carex_filicina,maximum_leaf_width,"5mm,14mm"
298,Carex_filicina,maximum_plant_height,"40cm,90cm"
299,Carex_filipedunculata,maximum_leaf_width,"3mm,7mm"
300,Carex_filipedunculata,maximum_plant_height,";45cm,60cm"
301,Carex_filipes,maximum_leaf_width,"2mm,8mm;5mm,8mm;2mm,3mm"
302,Carex_filipes,maximum_plant_height,";30cm,55cm"
303,Carex_finitima,maximum_inflorescence_length,
304,Carex_finitima,maximum_leaf_width,"4mm,8mm"
305,Carex_finitima,maximum_plant_height,";;;25cm,35cm;25cm,80cm;40cm,80cm"
306,Carex_fluviatilis,maximum_inflorescence_length,"1.5cm,3.5cm"
307,Carex_fluviatilis,maximum_inflorescence_width,"0.8cm,1.3cm"
308,Carex_fluviatilis,maximum_plant_height,";10cm,70cm"
309,Carex_foraminata,maximum_leaf_width,"4mm,7mm"
310,Carex_foraminata,maximum_plant_height,";40cm,70cm"
311,Carex_foraminatiformis,maximum_leaf_width,"6mm,12mm"
312,Carex_foraminatiformis,maximum_plant_height,";30cm,40cm"
313,Carex_forficula,maximum_plant_height,";40cm,90cm"
314,Carex_forrestii,maximum_leaf_width,"1.5mm,3mm"
315,Carex_forrestii,maximum_plant_height,";10cm,25cm;"
316,Carex_fulvorubescens,maximum_leaf_width,"1.5mm,5mm;3mm,5mm;;1.5mm,3mm"
317,Carex_fulvorubescens,maximum_plant_height,";10cm,35cm"
318,Carex_funhuangshanica,maximum_leaf_width,"2mm,4mm"
319,Carex_funhuangshanica,maximum_plant_height,";23cm,26cm;"
320,Carex_funingensis,maximum_leaf_width,"7mm,9mm"
321,Carex_funingensis,maximum_plant_height,";0cm,40cm"
322,Carex_gentilis,maximum_leaf_width,"2mm,3mm;1.5mm,2mm;3mm,4.5mm;2mm,3mm;2mm,3mm;;"
323,Carex_gentilis,maximum_plant_height,";25cm,70cm;"
324,Carex_gibba,maximum_inflorescence_length,"3cm,8cm"
325,Carex_gibba,maximum_leaf_width,"3mm,4mm"
326,Carex_gibba,maximum_plant_height,";20cm,60cm"
327,Carex_giraldiana,maximum_leaf_width,"2mm,5mm"
328,Carex_giraldiana,maximum_plant_height,";16cm,30cm"
329,Carex_glabrescens,maximum_leaf_width,"3mm,4mm"
330,Carex_glabrescens,maximum_plant_height,";30cm,50cm"
331,Carex_glauciformis,maximum_leaf_width,"2mm,3mm"
332,Carex_glauciformis,maximum_plant_height,";30cm,70cm"
333,Carex_globistylosa,maximum_leaf_width,"1mm,2mm"
334,Carex_globistylosa,maximum_plant_height,";40cm,60cm;;"
335,Carex_globularis,maximum_leaf_width,"1mm,2mm"
336,Carex_globularis,maximum_plant_height,";20cm,60cm;"
337,Carex_glossostigma,maximum_leaf_width,"1cm,2.5cm"
338,Carex_glossostigma,maximum_plant_height,";30cm,40cm"
339,Carex_gmelinii,maximum_leaf_width,"3mm,7mm"
340,Carex_gmelinii,maximum_plant_height,";20cm,60cm"
341,Carex_goligongshanensis,maximum_leaf_width,"3mm,5mm"
342,Carex_goligongshanensis,maximum_plant_height,";40cm,60cm;"
343,Carex_gonggaensis,maximum_leaf_width,"1mm,2mm"
344,Carex_gonggaensis,maximum_plant_height,";25cm,35cm;"
345,Carex_gongshanensis,maximum_leaf_width,"2mm,3mm"
346,Carex_gongshanensis,maximum_plant_height,";70cm,80cm;"
347,Carex_gotoi,maximum_leaf_width,"2mm,3mm"
348,Carex_gotoi,maximum_plant_height,";20cm,70cm"
349,Carex_grallatoria,maximum_inflorescence_length,"1mm,1.5mm;1cm,2cm"
350,Carex_grallatoria,maximum_inflorescence_width,
351,Carex_grallatoria,maximum_leaf_width,"2mm,3mm"
352,Carex_grallatoria,maximum_plant_height,";5cm,20cm"
353,Carex_graminiculmis,maximum_leaf_width,"1.5mm,5mm"
354,Carex_graminiculmis,maximum_plant_height,";60cm,70cm;"
355,Carex_grandiligulata,maximum_leaf_width,"0mm,2mm;2.5mm,4mm"
356,Carex_grandiligulata,maximum_plant_height,";20cm,30cm"
357,Carex_gynocrates,maximum_leaf_width,
358,Carex_gynocrates,maximum_plant_height,";20cm,30cm"
359,Carex_haematostoma,maximum_leaf_width,"1.5mm,3mm"
360,Carex_haematostoma,maximum_plant_height,";25cm,70cm"
361,Carex_hancockiana,maximum_leaf_width,"2mm,5mm"
362,Carex_hancockiana,maximum_plant_height,";30cm,80cm;"
363,Carex_handelii,maximum_leaf_width,"1mm,2mm"
364,Carex_handelii,maximum_plant_height,";15cm,25cm;"
365,Carex_hangzhouensis,maximum_inflorescence_length,"3cm,8cm"
366,Carex_hangzhouensis,maximum_inflorescence_width,"1cm,1.7cm"
367,Carex_hangzhouensis,maximum_leaf_width,"2.5mm,4mm"
368,Carex_hangzhouensis,maximum_plant_height,"30cm,60cm"
369,Carex_harlandii,maximum_leaf_width,"1cm,2.2cm"
370,Carex_harlandii,maximum_plant_height,";30cm,90cm"
371,Carex_harrysmithii,maximum_leaf_width,"1mm,2mm"
372,Carex_harrysmithii,maximum_plant_height,";15cm,20cm;"
373,Carex_hastata,maximum_leaf_width,"4mm,6mm"
374,Carex_hastata,maximum_plant_height,";25cm,40cm;"
375,Carex_hattoriana,maximum_leaf_width,"3mm,5mm"
376,Carex_hattoriana,maximum_plant_height,";60cm,100cm"
377,Carex_hebecarpa,maximum_leaf_width,"2mm,5mm"
378,Carex_hebecarpa,maximum_plant_height,";30cm,50cm;"
379,Carex_hemineuros,maximum_leaf_width,"5mm,7mm"
380,Carex_hemineuros,maximum_plant_height,";55cm,80cm"
381,Carex_henryi,maximum_leaf_width,"3mm,4mm"
382,Carex_henryi,maximum_plant_height,";80cm,140cm"
383,Carex_heshuonensis,maximum_leaf_width,"1mm,2mm"
384,Carex_heshuonensis,maximum_plant_height,";30cm,60cm"
385,Carex_heterolepis,maximum_leaf_width,"3mm,6mm"
386,Carex_heterolepis,maximum_plant_height,";40cm,70cm"
387,Carex_heterostachya,maximum_leaf_width,"2mm,3mm"
388,Carex_heterostachya,maximum_plant_height,";20cm,40cm"
389,Carex_heudesii,maximum_leaf_width,"7mm,18mm"
390,Carex_heudesii,maximum_plant_height,";30cm,45cm;"
391,Carex_hezhouensis,maximum_leaf_width,"2.5mm,4mm"
392,Carex_hezhouensis,maximum_plant_height,";20cm,55cm;"
393,Carex_hirtelloides,maximum_leaf_width,
394,Carex_hirtelloides,maximum_plant_height,";10cm,25cm;"
395,Carex_hirticaulis,maximum_leaf_width,"2mm,3mm"
396,Carex_hirticaulis,maximum_plant_height,";35cm,45cm;"
397,Carex_hirtiutriculata,maximum_leaf_width,
398,Carex_hirtiutriculata,maximum_plant_height,";45cm,60cm;"
399,Carex_hongyuanensis,maximum_leaf_width,"3mm,4mm"
400,Carex_hongyuanensis,maximum_plant_height,";0cm,50cm"
401,Carex_hoozanensis,maximum_leaf_width,"5mm,15mm"
402,Carex_hoozanensis,maximum_plant_height,";;5cm,20cm;1.2mm,1.5mm"
403,Carex_huashanica,maximum_leaf_width,"4mm,6mm"
404,Carex_huashanica,maximum_plant_height,";35cm,55cm"
405,Carex_humida,maximum_leaf_width,"4mm,6mm"
406,Carex_humida,maximum_plant_height,";50cm,70cm"
407,Carex_humilis,maximum_leaf_width,"1mm,2mm;;1mm,1.5mm"
408,Carex_humilis,maximum_plant_height,";;2cm,5cm"
409,Carex_huolushanensis,maximum_leaf_width,"1mm,3mm"
410,Carex_huolushanensis,maximum_plant_height,";15cm,40cm;;"
411,Carex_hypoblephara,maximum_leaf_width,
412,Carex_hypoblephara,maximum_plant_height,";0cm,50cm"
413,Carex_hypochlora,maximum_leaf_width,"1mm,2.5mm"
414,Carex_hypochlora,maximum_plant_height,";20cm,45cm;"
415,Carex_idzuroei,maximum_leaf_width,"4mm,9mm"
416,Carex_idzuroei,maximum_plant_height,";30cm,60cm"
417,Carex_inanis,maximum_leaf_width,"1mm,2mm"
418,Carex_inanis,maximum_plant_height,";10cm,50cm;"
419,Carex_indica,maximum_leaf_width,"6mm,8mm"
420,Carex_indica,maximum_plant_height,"40cm,100cm"
421,Carex_indiciformis,maximum_leaf_width,"8mm,15mm"
422,Carex_indiciformis,maximum_plant_height,"60cm,100cm"
423,Carex_infossa,maximum_leaf_width,"2.5mm,3mm"
424,Carex_infossa,maximum_plant_height,";0cm,30cm;"
425,Carex_insignis,maximum_leaf_width,"4mm,5mm"
426,Carex_insignis,maximum_plant_height,";90cm,100cm"
427,Carex_ischnostachya,maximum_leaf_width,"4mm,6mm"
428,Carex_ischnostachya,maximum_plant_height,";30cm,60cm;"
429,Carex_ivanoviae,maximum_leaf_width,"0mm,1mm"
430,Carex_ivanoviae,maximum_plant_height,";10cm,15cm"
431,Carex_jaluensis,maximum_leaf_width,"3mm,6mm"
432,Carex_jaluensis,maximum_plant_height,";30cm,85cm"
433,Carex_japonica,maximum_leaf_width,"3mm,4mm"
434,Carex_japonica,maximum_plant_height,";20cm,40cm;"
435,Carex_jiaodongensis,maximum_inflorescence_length,
436,Carex_jiaodongensis,maximum_leaf_width,"2mm,3mm"
437,Carex_jiaodongensis,maximum_plant_height,";15cm,20cm"
438,Carex_jinfoshanensis,maximum_leaf_width,"3.5mm,5mm"
439,Carex_jinfoshanensis,maximum_plant_height,";80cm,100cm;1.5mm,2mm"
440,Carex_jiuxianshanensis,maximum_leaf_width,"3mm,5mm;5mm,7mm"
441,Carex_jiuxianshanensis,maximum_plant_height,";30cm,70cm"
442,Carex_jizhuangensis,maximum_leaf_width,"2mm,3mm"
443,Carex_jizhuangensis,maximum_plant_height,";40cm,60cm"
444,Carex_kansuensis,maximum_leaf_width,"5mm,7mm"
445,Carex_kansuensis,maximum_plant_height,";45cm,100cm"
446,Carex_kaoi,maximum_leaf_width,"1cm,1.5cm"
447,Carex_kaoi,maximum_plant_height,";7cm,13cm"
448,Carex_karlongensis,maximum_leaf_width,"1.5mm,2mm"
449,Carex_karlongensis,maximum_plant_height,";20cm,25cm;"
450,Carex_karoi,maximum_leaf_width,"1mm,2mm"
451,Carex_karoi,maximum_plant_height,";10cm,40cm;"
452,Carex_kiangsuensis,maximum_leaf_width,"2mm,3mm"
453,Carex_kiangsuensis,maximum_plant_height,";20cm,45cm;"
454,Carex_kiotensis,maximum_leaf_width,"6mm,13mm"
455,Carex_kiotensis,maximum_plant_height,";30cm,60cm"
456,Carex_kirganica,maximum_plant_height,";40cm,70cm"
457,Carex_kirinensis,maximum_inflorescence_length,
458,Carex_kirinensis,maximum_leaf_width,"0.5mm,0.8mm"
459,Carex_kirinensis,maximum_plant_height,;
460,Carex_kobomugi,maximum_inflorescence_length,"4cm,5cm;4cm,6cm"
461,Carex_kobomugi,maximum_inflorescence_width,"1.2cm,1.3cm;"
462,Carex_kobomugi,maximum_leaf_width,"3mm,8mm"
463,Carex_kobomugi,maximum_plant_height,";10cm,20cm;3mm,4mm"
464,Carex_korshinskii,maximum_leaf_width,"1mm,2mm"
465,Carex_korshinskii,maximum_plant_height,";15cm,35cm;"
466,Carex_kuchunensis,maximum_leaf_width,"6mm,8mm"
467,Carex_kuchunensis,maximum_plant_height,";50cm,76cm"
468,Carex_kucyniakii,maximum_leaf_width,"4cm,10cm"
469,Carex_kucyniakii,maximum_plant_height,"22cm,35cm;"
470,Carex_kunlunsanensis,maximum_leaf_width,
471,Carex_kunlunsanensis,maximum_plant_height,"3cm,7cm;;7cm,16cm;"
472,Carex_kwangsiensis,maximum_leaf_width,"5mm,7mm"
473,Carex_kwangsiensis,maximum_plant_height,"30cm,50cm"
474,Carex_kwangtoushanica,maximum_leaf_width,"1mm,1.5mm"
475,Carex_kwangtoushanica,maximum_plant_height,";10cm,20cm;"
476,Carex_lachenalii,maximum_leaf_width,"1mm,2mm"
477,Carex_lachenalii,maximum_plant_height,";8cm,20cm"
478,Carex_laeta,maximum_leaf_width,"1mm,1.5mm"
479,Carex_laeta,maximum_plant_height,";10cm,30cm;;"
480,Carex_laevissima,maximum_inflorescence_length,"3cm,4.5cm"
481,Carex_laevissima,maximum_inflorescence_width,"1cm,1.3cm"
482,Carex_laevissima,maximum_leaf_width,
483,Carex_laevissima,maximum_plant_height,";25cm,50cm"
484,Carex_lancangensis,maximum_leaf_width,"5mm,7mm"
485,Carex_lancangensis,maximum_plant_height,";150cm,160cm;3mm,4mm"
486,Carex_lanceolata,maximum_plant_height,";;;;10cm,35cm;;;10cm,35cm"
487,Carex_lancifolia,maximum_leaf_width,"6mm,7mm"
488,Carex_lancifolia,maximum_plant_height,";10cm,15cm;"
489,Carex_lancisquamata,maximum_leaf_width,"2mm,4mm"
490,Carex_lancisquamata,maximum_plant_height,";40cm,45cm;"
491,Carex_laricetorum,maximum_inflorescence_length,"1.8cm,2.7cm"
492,Carex_laricetorum,maximum_leaf_width,"1.5mm,2mm"
493,Carex_laricetorum,maximum_plant_height,";20cm,60cm;"
494,Carex_lasiocarpa,maximum_leaf_width,"1mm,2mm"
495,Carex_lasiocarpa,maximum_plant_height,";50cm,100cm"
496,Carex_laticeps,maximum_leaf_width,"3mm,5mm"
497,Carex_laticeps,maximum_plant_height,";30cm,40cm;"
498,Carex_latisquamea,maximum_leaf_width,"3mm,6mm"
499,Carex_latisquamea,maximum_plant_height,";30cm,75cm"
500,Carex_laxa,maximum_leaf_width,"1mm,2mm"
501,Carex_laxa,maximum_plant_height,";25cm,35cm;"
502,Carex_ledebouriana,maximum_leaf_width,"1mm,2mm"
503,Carex_ledebouriana,maximum_plant_height,";10cm,15cm;"
504,Carex_lehmannii,maximum_leaf_width,"2mm,5mm"
505,Carex_lehmannii,maximum_plant_height,";15cm,70cm;"
506,Carex_leiorhyncha,maximum_inflorescence_length,"5cm,8cm"
507,Carex_leiorhyncha,maximum_leaf_width,"3mm,5mm"
508,Carex_leiorhyncha,maximum_plant_height,";20cm,80cm"
509,Carex_leporina,maximum_inflorescence_length,"2cm,2.5cm"
510,Carex_leporina,maximum_inflorescence_width,"0.8cm,1.3cm"
511,Carex_leporina,maximum_leaf_width,
512,Carex_leporina,maximum_plant_height,";;50cm,80cm;0.8mm,1mm"
513,Carex_lianchengensis,maximum_leaf_width,"1.5mm,2.5mm"
514,Carex_lianchengensis,maximum_plant_height,";2cm,10cm"
515,Carex_ligata,maximum_leaf_width,"4mm,6mm"
516,Carex_ligata,maximum_plant_height,";25cm,50cm;"
517,Carex_ligulata,maximum_leaf_width,"6mm,12mm;0mm,15mm"
518,Carex_ligulata,maximum_plant_height,";35cm,70cm"
519,Carex_limosa,maximum_leaf_width,"1.5mm,2.5mm"
520,Carex_limosa,maximum_plant_height,"20cm,45cm;"
521,Carex_limprichtiana,maximum_leaf_width,
522,Carex_limprichtiana,maximum_plant_height,";8cm,14cm;"
523,Carex_lingii,maximum_leaf_width,"2cm,2.5cm"
524,Carex_lingii,maximum_plant_height,"15cm,40cm"
525,Carex_liouana,maximum_leaf_width,"1.4cm,4cm"
526,Carex_liouana,maximum_plant_height,"30cm,60cm"
527,Carex_liqingii,maximum_leaf_width,"1cm,1.3cm"
528,Carex_liqingii,maximum_plant_height,;
529,Carex_lithophila,maximum_inflorescence_length,"2cm,5.5cm"
530,Carex_lithophila,maximum_inflorescence_width,"0.7cm,1.5cm"
531,Carex_lithophila,maximum_leaf_width,"2mm,4mm"
532,Carex_lithophila,maximum_plant_height,";10cm,60cm"
533,Carex_litorhyncha,maximum_plant_height,";15cm,40cm;"
534,Carex_liui,maximum_leaf_width,"2mm,3mm"
535,Carex_liui,maximum_plant_height,";10cm,15cm"
536,Carex_loliacea,maximum_leaf_width,"1mm,2mm"
537,Carex_loliacea,maximum_plant_height,";15cm,25cm;"
538,Carex_longerostrata,maximum_plant_height,";;15cm,50cm"
539,Carex_longipes,maximum_leaf_width,"2mm,4mm"
540,Carex_longipes,maximum_plant_height,";;;10cm,28cm;40cm,70cm;10cm,70cm"
541,Carex_longispiculata,maximum_leaf_width,"3mm,5mm"
542,Carex_longispiculata,maximum_plant_height,";48cm,100cm"
543,Carex_longpanlaensis,maximum_leaf_width,"5mm,8mm"
544,Carex_longpanlaensis,maximum_plant_height,";65cm,90cm;2mm,3mm"
545,Carex_longqishanensis,maximum_leaf_width,"7mm,8mm"
546,Carex_longqishanensis,maximum_plant_height,";55cm,65cm"
547,Carex_longshengensis,maximum_leaf_width,"1.5cm,3.5cm"
548,Carex_longshengensis,maximum_plant_height,";30cm,50cm"
549,Carex_luctuosa,maximum_leaf_width,"3mm,5mm"
550,Carex_luctuosa,maximum_plant_height,";30cm,100cm"
551,Carex_lushanensis,maximum_leaf_width,
552,Carex_lushanensis,maximum_plant_height,;
553,Carex_maackii,maximum_inflorescence_length,"2.5cm,6cm"
554,Carex_maackii,maximum_leaf_width,"2mm,4mm"
555,Carex_maackii,maximum_plant_height,";20cm,70cm"
556,Carex_macrandrolepis,maximum_plant_height,";;13cm,14cm;0.3mm,0.7mm"
557,Carex_macrosandra,maximum_leaf_width,"3mm,5mm"
558,Carex_macrosandra,maximum_plant_height,";30cm,80cm;1mm,1.5mm"
559,Carex_maculata,maximum_leaf_width,"3mm,6mm"
560,Carex_maculata,maximum_plant_height,";30cm,55cm"
561,Carex_magnoutriculata,maximum_leaf_width,"3mm,3.5mm"
562,Carex_magnoutriculata,maximum_plant_height,";30cm,85cm;"
563,Carex_makinoensis,maximum_leaf_width,"2mm,5mm"
564,Carex_makinoensis,maximum_plant_height,";20cm,80cm;"
565,Carex_makuensis,maximum_plant_height,";30cm,40cm;"
566,Carex_manca,maximum_leaf_width,"2mm,10mm;3mm,5mm;2mm,3mm;6mm,8mm"
567,Carex_manca,maximum_plant_height,";30cm,70cm;"
568,Carex_manciformis,maximum_leaf_width,"5mm,9mm"
569,Carex_manciformis,maximum_plant_height,";30cm,40cm;"
570,Carex_maorshanica,maximum_inflorescence_length,"3.5cm,4.5cm"
571,Carex_maorshanica,maximum_leaf_width,"2.5mm,5mm"
572,Carex_maorshanica,maximum_plant_height,";;30cm,50cm"
573,Carex_maquensis,maximum_leaf_width,
574,Carex_maquensis,maximum_plant_height,";20cm,35cm;;"
575,Carex_maubertiana,maximum_leaf_width,"5mm,6mm"
576,Carex_maubertiana,maximum_plant_height,";60cm,80cm;"
577,Carex_maximowiczii,maximum_leaf_width,"3mm,4mm"
578,Carex_maximowiczii,maximum_plant_height,";30cm,75cm"
579,Carex_meihsienica,maximum_leaf_width,"3mm,4mm"
580,Carex_meihsienica,maximum_plant_height,";30cm,50cm"
581,Carex_melanantha,maximum_leaf_width,"3mm,6mm"
582,Carex_melanantha,maximum_plant_height,";8cm,30cm"
583,Carex_melananthiformis,maximum_leaf_width,"2.5mm,3mm"
584,Carex_melananthiformis,maximum_plant_height,";10cm,30cm"
585,Carex_melanocephala,maximum_leaf_width,"2mm,4mm"
586,Carex_melanocephala,maximum_plant_height,";10cm,20cm"
587,Carex_melanostachya,maximum_leaf_width,"2mm,3mm"
588,Carex_melanostachya,maximum_plant_height,";20cm,50cm;"
589,Carex_melinacra,maximum_leaf_width,"3mm,5mm"
590,Carex_melinacra,maximum_plant_height,";50cm,95cm;"
591,Carex_metallica,maximum_leaf_width,"3mm,5mm"
592,Carex_metallica,maximum_plant_height,";15cm,50cm"
593,Carex_meyeriana,maximum_plant_height,";20cm,50cm;"
594,Carex_micrantha,maximum_leaf_width,"2mm,3mm"
595,Carex_micrantha,maximum_plant_height,";40cm,50cm;"
596,Carex_microglochin,maximum_inflorescence_length,;;
597,Carex_microglochin,maximum_plant_height,";5cm,20cm"
598,Carex_middendorffii,maximum_leaf_width,"2mm,4mm"
599,Carex_middendorffii,maximum_plant_height,";30cm,60cm"
600,Carex_minquinensis,maximum_leaf_width,"4mm,6mm"
601,Carex_minquinensis,maximum_plant_height,";50cm,90cm"
602,Carex_minuticulmis,maximum_leaf_width,"3mm,4mm"
603,Carex_minuticulmis,maximum_plant_height,"4cm,5cm;;1cm,4cm"
604,Carex_minxianensis,maximum_leaf_width,"2mm,3mm"
605,Carex_minxianensis,maximum_plant_height,";25cm,40cm"
606,Carex_minxianica,maximum_leaf_width,
607,Carex_minxianica,maximum_plant_height,";40cm,60cm;"
608,Carex_mitrata,maximum_leaf_width,"2mm,3mm;1.5mm,2mm"
609,Carex_mitrata,maximum_plant_height,";10cm,30cm;"
610,Carex_miyabei,maximum_leaf_width,"3mm,5mm"
611,Carex_miyabei,maximum_plant_height,";30cm,60cm"
612,Carex_mollicula,maximum_leaf_width,"4mm,8mm"
613,Carex_mollicula,maximum_plant_height,";15cm,30cm"
614,Carex_mollissima,maximum_leaf_width,"2mm,4mm"
615,Carex_mollissima,maximum_plant_height,";30cm,40cm;"
616,Carex_montis-everestii,maximum_leaf_width,
617,Carex_montis-everestii,maximum_plant_height,"2cm,5cm;;5cm,15cm;"
618,Carex_montis-wutaii,maximum_leaf_width,"3mm,5mm"
619,Carex_montis-wutaii,maximum_plant_height,";55cm,88cm"
620,Carex_moorcroftii,maximum_leaf_width,"2mm,4mm"
621,Carex_moorcroftii,maximum_plant_height,";7cm,20cm"
622,Carex_morii,maximum_leaf_width,"4mm,9mm"
623,Carex_morii,maximum_plant_height,";70cm,120cm"
624,Carex_mosoynensis,maximum_leaf_width,
625,Carex_mosoynensis,maximum_plant_height,";30cm,40cm;"
626,Carex_motuoensis,maximum_inflorescence_length,";1cm,1.3cm;"
627,Carex_motuoensis,maximum_inflorescence_width,
628,Carex_motuoensis,maximum_leaf_width,
629,Carex_motuoensis,maximum_plant_height,";5cm,20cm;"
630,Carex_moupinensis,maximum_leaf_width,"3mm,5mm"
631,Carex_moupinensis,maximum_plant_height,"20cm,50cm"
632,Carex_mucronatiformis,maximum_leaf_width,
633,Carex_mucronatiformis,maximum_plant_height,";10cm,20cm;"
634,Carex_muliensis,maximum_leaf_width,"1.5mm,3mm"
635,Carex_muliensis,maximum_plant_height,";15cm,65cm"
636,Carex_munda,maximum_leaf_width,"2.5mm,3.5mm"
637,Carex_munda,maximum_plant_height,"20cm,40cm;"
638,Carex_myosurus,maximum_leaf_width,"5mm,7mm"
639,Carex_myosurus,maximum_plant_height,"80cm,120cm"
640,Carex_nachiana,maximum_leaf_width,"2.5mm,4mm"
641,Carex_nachiana,maximum_plant_height,;
642,Carex_nakaoana,maximum_leaf_width,
643,Carex_nakaoana,maximum_plant_height,";25cm,35cm"
644,Carex_nanchuanensis,maximum_leaf_width,"1.2mm,1.8mm"
645,Carex_nanchuanensis,maximum_plant_height,";20cm,35cm"
646,Carex_nemostachys,maximum_leaf_width,"6mm,8mm"
647,Carex_nemostachys,maximum_plant_height,";40cm,90cm"
648,Carex_neodigyna,maximum_leaf_width,"3mm,4mm"
649,Carex_neodigyna,maximum_plant_height,";8cm,13cm"
650,Carex_neopolycephala,maximum_leaf_width,"3mm,8mm"
651,Carex_neopolycephala,maximum_plant_height,";25cm,50cm"
652,Carex_nervata,maximum_leaf_width,"1.5mm,2.5mm"
653,Carex_nervata,maximum_plant_height,";10cm,27cm;"
654,Carex_neurocarpa,maximum_inflorescence_length,"2.5mm,8mm"
655,Carex_neurocarpa,maximum_inflorescence_width,"1mm,1.8mm"
656,Carex_neurocarpa,maximum_leaf_width,"2mm,3mm"
657,Carex_nitidiutriculata,maximum_leaf_width,"3mm,5mm"
658,Carex_nitidiutriculata,maximum_plant_height,";25cm,70cm"
659,Carex_nivalis,maximum_leaf_width,"6mm,7mm"
660,Carex_nivalis,maximum_plant_height,";20cm,40cm"
661,Carex_nubigena,maximum_inflorescence_length,"2.5cm,50cm"
662,Carex_nubigena,maximum_inflorescence_width,"0.7cm,1cm"
663,Carex_nubigena,maximum_leaf_width,"1mm,2mm"
664,Carex_nubigena,maximum_plant_height,";10cm,70cm"
665,Carex_oblanceolata,maximum_leaf_width,"1cm,3cm;6mm,8mm"
666,Carex_oblanceolata,maximum_plant_height,";40cm,50cm"
667,Carex_obliquicarpa,maximum_leaf_width,"0.9cm,1.9cm"
668,Carex_obliquicarpa,maximum_plant_height,"50cm,65cm"
669,Carex_obliquitruncata,maximum_leaf_width,"2mm,3.5mm"
670,Carex_obliquitruncata,maximum_plant_height,";25cm,50cm"
671,Carex_obovatosquamata,maximum_leaf_width,"1.3mm,2.2mm"
672,Carex_obovatosquamata,maximum_plant_height,";20cm,40cm;;"
673,Carex_obscura,maximum_leaf_width,"2mm,5mm"
674,Carex_obscura,maximum_plant_height,";15cm,80cm"
675,Carex_obscuriceps,maximum_leaf_width,"3mm,5mm"
676,Carex_obscuriceps,maximum_plant_height,";20cm,45cm"
677,Carex_obtusata,maximum_inflorescence_length,"5mm,8mm"
678,Carex_obtusata,maximum_leaf_width,"1mm,1.5mm"
679,Carex_obtusata,maximum_plant_height,";10cm,20cm"
680,Carex_oedorrhampha,maximum_leaf_width,"3mm,6mm"
681,Carex_oligostachya,maximum_leaf_width,"2mm,5mm"
682,Carex_oligostachya,maximum_plant_height,"20cm,80cm"
683,Carex_olivacea,maximum_leaf_width,"8mm,18mm"
684,Carex_olivacea,maximum_plant_height,";45cm,95cm"
685,Carex_omeiensis,maximum_leaf_width,"0.4cm,1.2cm"
686,Carex_omeiensis,maximum_plant_height,";40cm,65cm"
687,Carex_omiana,maximum_inflorescence_length,
688,Carex_omiana,maximum_leaf_width,"2mm,2.5mm"
689,Carex_omiana,maximum_plant_height,";20cm,50cm"
690,Carex_onoei,maximum_inflorescence_length,"5mm,7mm"
691,Carex_onoei,maximum_leaf_width,"1mm,1.5mm"
692,Carex_onoei,maximum_plant_height,";20cm,40cm"
693,Carex_orbicularinucis,maximum_leaf_width,"3mm,4mm"
694,Carex_orbicularinucis,maximum_plant_height,";35cm,55cm"
695,Carex_orbicularis,maximum_leaf_width,"1.5mm,3mm"
696,Carex_orbicularis,maximum_plant_height,";10cm,25cm;"
697,Carex_orthostachys,maximum_leaf_width,"3mm,5mm"
698,Carex_orthostachys,maximum_plant_height,";40cm,70cm"
699,Carex_orthostemon,maximum_leaf_width,"2mm,5mm"
700,Carex_orthostemon,maximum_plant_height,";;6cm,30cm"
701,Carex_otaruensis,maximum_leaf_width,"3mm,5mm"
702,Carex_otaruensis,maximum_plant_height,";30cm,60cm"
703,Carex_otrubae,maximum_inflorescence_length,
704,Carex_otrubae,maximum_leaf_width,"3mm,7mm"
705,Carex_otrubae,maximum_plant_height,";40cm,70cm"
706,Carex_ovatispiculata,maximum_leaf_width,"1mm,2.5mm"
707,Carex_ovatispiculata,maximum_plant_height,";25cm,50cm"
708,Carex_oxyphylla,maximum_leaf_width,"2mm,4mm"
709,Carex_oxyphylla,maximum_plant_height,";20cm,40cm"
710,Carex_pachyneura,maximum_leaf_width,"0.3mm,0.5mm"
711,Carex_pachyneura,maximum_plant_height,";10cm,25cm;"
712,Carex_pallida,maximum_inflorescence_length,"1.8cm,7.5cm;1.8cm,2.5cm;3cm,7.5cm"
713,Carex_pallida,maximum_inflorescence_width,"0.7cm,1.3cm"
714,Carex_pallida,maximum_leaf_width,"1mm,5mm;1mm,2mm;3mm,5mm"
715,Carex_pallida,maximum_plant_height,";6cm,100cm;;"
716,Carex_pamirensis,maximum_leaf_width,"3mm,10mm;5mm,10mm;3mm,4mm"
717,Carex_pamirensis,maximum_plant_height,";60cm,90cm"
718,Carex_paracuraica,maximum_inflorescence_length,"3cm,4.5cm"
719,Carex_paracuraica,maximum_leaf_width,"3mm,5mm"
720,Carex_paracuraica,maximum_plant_height,";10cm,20cm"
721,Carex_parva,maximum_inflorescence_length,
722,Carex_parva,maximum_leaf_width,"1mm,1.2mm"
723,Carex_parva,maximum_plant_height,";10cm,35cm"
724,Carex_paxii,maximum_inflorescence_length,"3mm,6.5mm"
725,Carex_paxii,maximum_inflorescence_width,"5mm,10mm"
726,Carex_paxii,maximum_leaf_width,"1.5mm,2.5mm"
727,Carex_paxii,maximum_plant_height,";12cm,55cm"
728,Carex_pediformis,maximum_leaf_width,"2mm,3mm"
729,Carex_pediformis,maximum_plant_height,"25cm,40cm;;"
730,Carex_peiktusani,maximum_leaf_width,"2mm,4.5mm"
731,Carex_peiktusani,maximum_plant_height,";30cm,60cm"
732,Carex_peliosanthifolia,maximum_leaf_width,"3.8cm,7cm"
733,Carex_peliosanthifolia,maximum_plant_height,"40cm,45cm"
734,Carex_perakensis,maximum_inflorescence_length,"30cm,40cm"
735,Carex_perakensis,maximum_leaf_width,"4mm,12mm"
736,Carex_perakensis,maximum_plant_height,";30cm,120cm;"
737,Carex_pergracilis,maximum_leaf_width,"1mm,2mm"
738,Carex_pergracilis,maximum_plant_height,";10cm,25cm;"
739,Carex_phacota,maximum_leaf_width,"3mm,5mm"
740,Carex_phacota,maximum_plant_height,";20cm,75cm"
741,Carex_phaenocarpa,maximum_leaf_width,"5mm,8mm"
742,Carex_phaenocarpa,maximum_plant_height,";35cm,50cm;"
743,Carex_phyllocephala,maximum_leaf_width,"8mm,15mm"
744,Carex_phyllocephala,maximum_plant_height,";20cm,60cm"
745,Carex_physodes,maximum_inflorescence_length,"2cm,3cm"
746,Carex_physodes,maximum_inflorescence_width,"1.2cm,2cm"
747,Carex_physodes,maximum_leaf_width,"1mm,2mm"
748,Carex_physodes,maximum_plant_height,";20cm,25cm;"
749,Carex_pilosa,maximum_leaf_width,"5mm,8mm"
750,Carex_pilosa,maximum_plant_height,";30cm,60cm"
751,Carex_pisiformis,maximum_leaf_width,"3mm,4mm;2mm,3mm"
752,Carex_pisiformis,maximum_plant_height,";15cm,50cm;"
753,Carex_planiculmis,maximum_leaf_width,"5mm,10mm"
754,Carex_planiculmis,maximum_plant_height,";30cm,45cm"
755,Carex_planiscapa,maximum_leaf_width,"3.5mm,7mm"
756,Carex_planiscapa,maximum_plant_height,";8cm,18cm;"
757,Carex_platysperma,maximum_leaf_width,"2mm,2.5mm"
758,Carex_platysperma,maximum_plant_height,";40cm,50cm;"
759,Carex_plectobasis,maximum_plant_height,";20cm,65cm;"
760,Carex_poculisquama,maximum_leaf_width,"3mm,4mm"
761,Carex_poculisquama,maximum_plant_height,";;30cm,50cm;"
762,Carex_polymascula,maximum_leaf_width,"3mm,4mm"
763,Carex_polymascula,maximum_plant_height,";60cm,70cm"
764,Carex_polyschoenoides,maximum_leaf_width,"2mm,3mm"
765,Carex_polyschoenoides,maximum_plant_height,";20cm,35cm;"
766,Carex_pomiensis,maximum_leaf_width,"2mm,3mm"
767,Carex_pomiensis,maximum_plant_height,";40cm,50cm"
768,Carex_praeclara,maximum_leaf_width,"3mm,5mm"
769,Carex_praeclara,maximum_plant_height,";20cm,30cm"
770,Carex_praelonga,maximum_leaf_width,"6mm,8mm"
771,Carex_praelonga,maximum_plant_height,";60cm,90cm"
772,Carex_prolongata,maximum_leaf_width,"2mm,4mm"
773,Carex_prolongata,maximum_plant_height,;;
774,Carex_pruinosa,maximum_leaf_width,"3mm,5mm"
775,Carex_pruinosa,maximum_plant_height,";30cm,80cm"
776,Carex_przewalskii,maximum_leaf_width,"2mm,3mm"
777,Carex_przewalskii,maximum_plant_height,";15cm,45cm"
778,Carex_pseudocuraica,maximum_inflorescence_length,"1.5cm,3cm"
779,Carex_pseudocuraica,maximum_leaf_width,"1.5mm,3mm"
780,Carex_pseudocuraica,maximum_plant_height,";15cm,40cm"
781,Carex_pseudocyperus,maximum_leaf_width,"5mm,8mm"
782,Carex_pseudocyperus,maximum_plant_height,";30cm,70cm"
783,Carex_pseudodispalata,maximum_leaf_width,"4mm,8mm"
784,Carex_pseudodispalata,maximum_plant_height,";40cm,60cm"
785,Carex_pseudofoetida,maximum_inflorescence_length,"6mm,12mm"
786,Carex_pseudofoetida,maximum_inflorescence_width,"6mm,8mm"
787,Carex_pseudofoetida,maximum_leaf_width,"1mm,2mm"
788,Carex_pseudofoetida,maximum_plant_height,";3cm,10cm"
789,Carex_pseudohumilis,maximum_leaf_width,"1.2mm,2mm"
790,Carex_pseudohumilis,maximum_plant_height,";3cm,5cm;"
791,Carex_pseudolaticeps,maximum_leaf_width,"6mm,10mm"
792,Carex_pseudolaticeps,maximum_plant_height,";0cm,33cm"
793,Carex_pseudoligulata,maximum_leaf_width,"5mm,9mm"
794,Carex_pseudoligulata,maximum_plant_height,";35cm,65cm"
795,Carex_pseudolongerostrata,maximum_leaf_width,"1.5mm,3.5mm"
796,Carex_pseudolongerostrata,maximum_plant_height,";15cm,30cm;"
797,Carex_pseudophyllocephala,maximum_leaf_width,"2mm,5mm"
798,Carex_pseudophyllocephala,maximum_plant_height,";12cm,15cm;"
799,Carex_pseudosupina,maximum_leaf_width,"0.5mm,1mm;"
800,Carex_pseudosupina,maximum_plant_height,";;5cm,8cm"
801,Carex_pseudotristachya,maximum_leaf_width,"3mm,5mm"
802,Carex_pseudotristachya,maximum_plant_height,";15cm,20cm;"
803,Carex_psychrophila,maximum_leaf_width,"2mm,3mm"
804,Carex_psychrophila,maximum_plant_height,";30cm,60cm;"
805,Carex_pterocaulos,maximum_leaf_width,"10mm,11mm"
806,Carex_pterocaulos,maximum_plant_height,";40cm,45cm;1.2mm,1.5mm"
807,Carex_pumila,maximum_leaf_width,"3mm,4mm"
808,Carex_pumila,maximum_plant_height,";10cm,30cm"
809,Carex_purpureosquamata,maximum_leaf_width,"4mm,7mm"
810,Carex_purpureosquamata,maximum_plant_height,";60cm,65cm"
811,Carex_purpureotincta,maximum_leaf_width,"7mm,12mm"
812,Carex_purpureotincta,maximum_plant_height,";60cm,90cm"
813,Carex_purpureovagina,maximum_leaf_width,
814,Carex_purpureovagina,maximum_plant_height,";25cm,28cm"
815,Carex_putuoensis,maximum_leaf_width,"2mm,4mm"
816,Carex_putuoensis,maximum_plant_height,;
817,Carex_pycnostachya,maximum_leaf_width,"4mm,6mm"
818,Carex_pycnostachya,maximum_plant_height,";10cm,50cm"
819,Carex_qingdaoensis,maximum_leaf_width,"3mm,5mm"
820,Carex_qingdaoensis,maximum_plant_height,";30cm,40cm;"
821,Carex_qinghaiensis,maximum_leaf_width,"2mm,4mm"
822,Carex_qinghaiensis,maximum_plant_height,";30cm,40cm"
823,Carex_qingliangensis,maximum_leaf_width,"4mm,7mm"
824,Carex_qingliangensis,maximum_plant_height,";40cm,55cm;"
825,Carex_qingyangensis,maximum_leaf_width,"3mm,4mm"
826,Carex_qingyangensis,maximum_plant_height,";25cm,40cm"
827,Carex_qiyunensis,maximum_leaf_width,"2mm,3mm"
828,Carex_qiyunensis,maximum_plant_height,";30cm,40cm;"
829,Carex_quadriflora,maximum_leaf_width,"2mm,4mm"
830,Carex_quadriflora,maximum_plant_height,";15cm,30cm"
831,Carex_raddei,maximum_leaf_width,"3mm,4mm"
832,Carex_raddei,maximum_plant_height,";35cm,100cm"
833,Carex_radiciflora,maximum_leaf_width,"1.4cm,2cm;35cm,70cm"
834,Carex_radiciflora,maximum_plant_height,
835,Carex_radicina,maximum_leaf_width,"6mm,8mm"
836,Carex_radicina,maximum_plant_height,";30cm,50cm"
837,Carex_rafflesiana,maximum_leaf_width,"10mm,13mm"
838,Carex_rafflesiana,maximum_plant_height,"80cm,200cm"
839,Carex_rara,maximum_inflorescence_length,"4mm,12mm;4mm,10mm"
840,Carex_rara,maximum_leaf_width,"0.5mm,1mm"
841,Carex_rara,maximum_plant_height,";20cm,30cm"
842,Carex_recurvisaccus,maximum_leaf_width,"0.7cm,1.5cm"
843,Carex_recurvisaccus,maximum_plant_height,";55cm,75cm"
844,Carex_regeliana,maximum_leaf_width,"3mm,5mm"
845,Carex_regeliana,maximum_plant_height,";40cm,70cm;"
846,Carex_remotiuscula,maximum_leaf_width,"1mm,2mm"
847,Carex_remotiuscula,maximum_plant_height,";30cm,50cm;"
848,Carex_reptabunda,maximum_inflorescence_length,"8mm,12mm"
849,Carex_reptabunda,maximum_inflorescence_width,"4mm,10mm"
850,Carex_reptabunda,maximum_leaf_width,"1mm,1.5mm"
851,Carex_reptabunda,maximum_plant_height,";10cm,60cm;"
852,Carex_retrofracta,maximum_leaf_width,"1cm,1.8cm"
853,Carex_retrofracta,maximum_plant_height,";60cm,100cm"
854,Carex_rhizopoda,maximum_inflorescence_length,";40mm,70mm;1cm,2cm"
855,Carex_rhizopoda,maximum_inflorescence_width,"2mm,3mm"
856,Carex_rhizopoda,maximum_leaf_width,"2mm,4mm"
857,Carex_rhizopoda,maximum_plant_height,";30cm,60cm"
858,Carex_rhynchachaenium,maximum_leaf_width,"15cm,28cm;2mm,3mm"
859,Carex_rhynchachaenium,maximum_plant_height,";5cm,10cm"
860,Carex_rhynchophora,maximum_leaf_width,"2mm,5mm"
861,Carex_rhynchophora,maximum_plant_height,";30cm,60cm;"
862,Carex_rhynchophysa,maximum_leaf_width,"8mm,15mm"
863,Carex_rhynchophysa,maximum_plant_height,";60cm,100cm"
864,Carex_ridongensis,maximum_leaf_width,"2mm,3mm"
865,Carex_ridongensis,maximum_plant_height,";70cm,80cm;"
866,Carex_riparia,maximum_leaf_width,"10mm,15mm"
867,Carex_riparia,maximum_plant_height,";60cm,150cm"
868,Carex_rochebrunii,maximum_leaf_width,"2mm,3mm"
869,Carex_rochebrunii,maximum_plant_height,";25cm,50cm;"
870,Carex_rostrata,maximum_leaf_width,"2mm,5mm"
871,Carex_rostrata,maximum_plant_height,";40cm,100cm"
872,Carex_rubrobrunnea,maximum_leaf_width,"3mm,4mm"
873,Carex_rubrobrunnea,maximum_plant_height,";20cm,60cm"
874,Carex_rugata,maximum_leaf_width,"4mm,5mm;2mm,4mm"
875,Carex_rugata,maximum_plant_height,";20cm,50cm;"
876,Carex_rugulosa,maximum_leaf_width,"3mm,5mm"
877,Carex_rugulosa,maximum_plant_height,";50cm,80cm"
878,Carex_sabulosa,maximum_leaf_width,"2mm,3.5mm"
879,Carex_sabulosa,maximum_plant_height,";15cm,40cm"
880,Carex_sadoensis,maximum_leaf_width,"2mm,4mm"
881,Carex_sadoensis,maximum_plant_height,";30cm,60cm"
882,Carex_sagaensis,maximum_inflorescence_length,"6mm,8mm"
883,Carex_sagaensis,maximum_leaf_width,
884,Carex_sagaensis,maximum_plant_height,;
885,Carex_satakeana,maximum_leaf_width,"2mm,3mm"
886,Carex_satakeana,maximum_plant_height,";5cm,30cm;"
887,Carex_satsumensis,maximum_inflorescence_length,"3cm,8cm"
888,Carex_satsumensis,maximum_inflorescence_width,"1cm,1.7cm"
889,Carex_satsumensis,maximum_leaf_width,"1.5mm,7mm"
890,Carex_satsumensis,maximum_plant_height,"7cm,20cm"
891,Carex_saxicola,maximum_leaf_width,"8mm,10mm"
892,Carex_saxicola,maximum_plant_height,";0cm,65cm"
893,Carex_scabrifolia,maximum_leaf_width,"2mm,3mm"
894,Carex_scabrifolia,maximum_plant_height,";;30cm,60cm"
895,Carex_scabrirostris,maximum_leaf_width,"1mm,3mm"
896,Carex_scabrirostris,maximum_plant_height,";25cm,70cm;"
897,Carex_scabrisacca,maximum_plant_height,";30cm,40cm"
898,Carex_scaposa,maximum_leaf_width,"2cm,5cm"
899,Carex_scaposa,maximum_plant_height,"20cm,80cm"
900,Carex_schmidtii,maximum_leaf_width,"2mm,3mm"
901,Carex_schmidtii,maximum_plant_height,";30cm,80cm;"
902,Carex_schneideri,maximum_leaf_width,"2mm,4mm"
903,Carex_schneideri,maximum_plant_height,";60cm,90cm"
904,Carex_sclerocarpa,maximum_leaf_width,"3mm,6mm"
905,Carex_sclerocarpa,maximum_plant_height,";30cm,60cm"
906,Carex_scolopendriformis,maximum_plant_height,";15cm,30cm;0.5mm,0.8mm;"
907,Carex_sedakowii,maximum_leaf_width,
908,Carex_sedakowii,maximum_plant_height,";8cm,40cm;"
909,Carex_sendaica,maximum_leaf_width,"2mm,3mm"
910,Carex_sendaica,maximum_plant_height,";;;10cm,35cm;;10cm,35cm;"
911,Carex_serreana,maximum_leaf_width,"2mm,3mm"
912,Carex_serreana,maximum_plant_height,";25cm,60cm;"
913,Carex_setigera,maximum_leaf_width,"1mm,3mm"
914,Carex_setigera,maximum_plant_height,";;;8cm,35cm;;25cm,35cm;8cm,15cm"
915,Carex_setosa,maximum_leaf_width,"2mm,4mm"
916,Carex_setosa,maximum_plant_height,";15cm,45cm;"
917,Carex_shaanxiensis,maximum_leaf_width,"1mm,2mm"
918,Carex_shaanxiensis,maximum_plant_height,";30cm,35cm;;"
919,Carex_shandanica,maximum_leaf_width,"2mm,3mm"
920,Carex_shandanica,maximum_plant_height,";25cm,40cm"
921,Carex_shangchengensis,maximum_leaf_width,"4mm,7mm"
922,Carex_shangchengensis,maximum_plant_height,";20cm,45cm"
923,Carex_shanghangensis,maximum_leaf_width,"1mm,2mm"
924,Carex_shanghangensis,maximum_plant_height,";15cm,40cm;"
925,Carex_shuangbaiensis,maximum_leaf_width,"3mm,6mm"
926,Carex_shuangbaiensis,maximum_plant_height,;
927,Carex_shuchengensis,maximum_leaf_width,"6mm,10mm"
928,Carex_shuchengensis,maximum_plant_height,";30cm,45cm;2mm,2.5mm"
929,Carex_sichouensis,maximum_leaf_width,"4mm,5mm"
930,Carex_sichouensis,maximum_plant_height,";40cm,100cm;1.5mm,2mm"
931,Carex_siderosticta,maximum_leaf_width,"5mm,10mm;1cm,2.5cm"
932,Carex_siderosticta,maximum_plant_height,";0cm,30cm"
933,Carex_simulans,maximum_leaf_width,"3mm,5mm"
934,Carex_simulans,maximum_plant_height,";30cm,70cm;"
935,Carex_sinoaristata,maximum_leaf_width,"3mm,6mm"
936,Carex_sinoaristata,maximum_plant_height,";35cm,75cm"
937,Carex_sinodissitiflora,maximum_leaf_width,"3mm,6mm"
938,Carex_sinodissitiflora,maximum_plant_height,";20cm,55cm;"
939,Carex_siroumensis,maximum_leaf_width,"1mm,2mm"
940,Carex_siroumensis,maximum_plant_height,";10cm,22cm;"
941,Carex_sociata,maximum_leaf_width,"3mm,6mm"
942,Carex_sociata,maximum_plant_height,";20cm,50cm;"
943,Carex_songorica,maximum_leaf_width,"3mm,5mm"
944,Carex_songorica,maximum_plant_height,";30cm,50cm"
945,Carex_spachiana,maximum_leaf_width,"2mm,3mm"
946,Carex_spachiana,maximum_plant_height,";30cm,60cm;"
947,Carex_speciosa,maximum_leaf_width,"10mm,16mm;4mm,10mm;2.5mm,5mm;1cm,1.6cm;0.4cm,1cm"
948,Carex_speciosa,maximum_plant_height,";;15cm,30cm;1mm,1.5mm;"
949,Carex_stenocarpa,maximum_leaf_width,"2mm,5mm"
950,Carex_stenocarpa,maximum_plant_height,";20cm,55cm"
951,Carex_stipata,maximum_inflorescence_length,"3.5cm,5cm"
952,Carex_stipata,maximum_inflorescence_width,"1cm,1.5cm"
953,Carex_stipata,maximum_leaf_width,"6mm,7mm"
954,Carex_stipata,maximum_plant_height,";40cm,70cm"
955,Carex_stipitinux,maximum_leaf_width,"4mm,5mm"
956,Carex_stipitinux,maximum_plant_height,";;60cm,100cm;0cm,15cm"
957,Carex_stipitiutriculata,maximum_inflorescence_length,";5mm,8mm"
958,Carex_stipitiutriculata,maximum_leaf_width,
959,Carex_stipitiutriculata,maximum_plant_height,";5cm,8cm;"
960,Carex_stramentitia,maximum_leaf_width,"1mm,2mm"
961,Carex_stramentitia,maximum_plant_height,"30cm,75cm"
962,Carex_subcapitata,maximum_leaf_width,"3mm,5mm"
963,Carex_subcapitata,maximum_plant_height,";20cm,30cm"
964,Carex_subcernua,maximum_leaf_width,"3mm,5mm"
965,Carex_subcernua,maximum_plant_height,";40cm,65cm"
966,Carex_subebracteata,maximum_leaf_width,"1.5mm,2.5mm"
967,Carex_subebracteata,maximum_plant_height,";15cm,30cm;"
968,Carex_subfilicinoides,maximum_leaf_width,"7mm,12mm"
969,Carex_subfilicinoides,maximum_plant_height,"50cm,90cm"
970,Carex_submollicula,maximum_leaf_width,"2mm,4mm"
971,Carex_submollicula,maximum_plant_height,";15cm,20cm"
972,Carex_subperakensis,maximum_leaf_width,"7mm,11mm"
973,Carex_subperakensis,maximum_plant_height,";50cm,70cm"
974,Carex_subpumila,maximum_leaf_width,"1.5mm,2mm"
975,Carex_subpumila,maximum_plant_height,"10cm,30cm"
976,Carex_subtransversa,maximum_leaf_width,"2mm,4mm"
977,Carex_subtransversa,maximum_plant_height,";15cm,30cm;"
978,Carex_subtumida,maximum_leaf_width,"6mm,7mm"
979,Carex_subtumida,maximum_plant_height,";45cm,75cm"
980,Carex_sutchuensis,maximum_leaf_width,
981,Carex_sutchuensis,maximum_plant_height,";20cm,30cm;"
982,Carex_taihuensis,maximum_plant_height,";40cm,65cm;"
983,Carex_taipaishanica,maximum_plant_height,";15cm,40cm;"
984,Carex_taldycola,maximum_leaf_width,"2mm,4mm"
985,Carex_taldycola,maximum_plant_height,";5.5cm,8cm;"
986,Carex_tangiana,maximum_leaf_width,"2mm,3mm"
987,Carex_tangiana,maximum_plant_height,";30cm,40cm"
988,Carex_tangii,maximum_leaf_width,"2mm,3mm"
989,Carex_tangii,maximum_plant_height,";;30cm,40cm"
990,Carex_tangulashanensis,maximum_leaf_width,"2mm,3mm"
991,Carex_tangulashanensis,maximum_plant_height,";2cm,4cm"
992,Carex_tapinzensis,maximum_leaf_width,"2mm,4mm"
993,Carex_tapinzensis,maximum_plant_height,";15cm,70cm;;"
994,Carex_tarunensis,maximum_leaf_width,"2mm,3mm"
995,Carex_tarunensis,maximum_plant_height,";20cm,60cm"
996,Carex_tatsiensis,maximum_leaf_width,"1mm,2mm"
997,Carex_tatsiensis,maximum_plant_height,";15cm,30cm;"
998,Carex_tatsutakensis,maximum_leaf_width,"2.5mm,8mm"
999,Carex_tatsutakensis,maximum_plant_height,";;10cm,30cm"
1000,Carex_teinogyna,maximum_leaf_width,"2.5mm,3mm"
1001,Carex_teinogyna,maximum_plant_height,"60cm,90cm;;25cm,60cm;"
1002,Carex_tenebrosa,maximum_leaf_width,"5mm,8mm"
1003,Carex_tenebrosa,maximum_plant_height,";60cm,150cm"
1004,Carex_tenuiflora,maximum_leaf_width,"1mm,1.5mm"
1005,Carex_tenuiflora,maximum_plant_height,";20cm,50cm;"
1006,Carex_tenuiformis,maximum_leaf_width,"2mm,2.5mm"
1007,Carex_tenuiformis,maximum_plant_height,";20cm,40cm;"
1008,Carex_tenuipaniculata,maximum_leaf_width,"4mm,5mm"
1009,Carex_tenuipaniculata,maximum_plant_height,"30cm,40cm;"
1010,Carex_tenuispicula,maximum_leaf_width,"2mm,3mm"
1011,Carex_teres,maximum_leaf_width,"4mm,6mm"
1012,Carex_teres,maximum_plant_height,";40cm,90cm"
1013,Carex_thibetica,maximum_leaf_width,";5mm,17mm;6mm,12mm;6mm,17mm"
1014,Carex_thibetica,maximum_plant_height,";35cm,50cm"
1015,Carex_thomsonii,maximum_inflorescence_length,"5cm,9.5cm"
1016,Carex_thomsonii,maximum_leaf_width,"2.5mm,3mm"
1017,Carex_thomsonii,maximum_plant_height,";15cm,30cm"
1018,Carex_thunbergii,maximum_leaf_width,
1019,Carex_thunbergii,maximum_plant_height,";40cm,100cm"
1020,Carex_tianmushanica,maximum_leaf_width,"4mm,7mm"
1021,Carex_tianmushanica,maximum_plant_height,";;30cm,50cm;"
1022,Carex_transversa,maximum_leaf_width,"3mm,5mm"
1023,Carex_transversa,maximum_plant_height,";;30cm,60cm"
1024,Carex_tricephala,maximum_leaf_width,"4mm,8mm"
1025,Carex_tricephala,maximum_plant_height,"18cm,40cm;"
1026,Carex_tristachya,maximum_leaf_width,"4mm,5mm;2mm,4mm"
1027,Carex_tristachya,maximum_plant_height,";20cm,45cm;"
1028,Carex_truncatigluma,maximum_plant_height,";;10cm,30cm;"
1029,Carex_tsaiana,maximum_leaf_width,"1mm,1.5mm"
1030,Carex_tsaiana,maximum_plant_height,";13cm,16cm;"
1031,Carex_tsiangii,maximum_leaf_width,"5mm,7mm"
1032,Carex_tsiangii,maximum_plant_height,"40cm,60cm"
1033,Carex_tsoi,maximum_leaf_width,"1mm,5.5mm"
1034,Carex_tsoi,maximum_plant_height,";3cm,15cm"
1035,Carex_tuminensis,maximum_leaf_width,"6mm,10mm"
1036,Carex_tuminensis,maximum_plant_height,";60cm,100cm"
1037,Carex_tungfangensis,maximum_leaf_width,"6mm,7mm"
1038,Carex_tungfangensis,maximum_plant_height,";0cm,80cm;"
1039,Carex_turkestanica,maximum_leaf_width,"1mm,3mm"
1040,Carex_turkestanica,maximum_plant_height,";10cm,30cm"
1041,Carex_uda,maximum_inflorescence_length,";;6mm,12mm"
1042,Carex_uda,maximum_leaf_width,"2mm,3mm"
1043,Carex_ulobasis,maximum_leaf_width,"1mm,2.5mm"
1044,Carex_ulobasis,maximum_plant_height,";15cm,25cm"
1045,Carex_unisexualis,maximum_inflorescence_length,"2.5cm,8cm"
1046,Carex_unisexualis,maximum_inflorescence_width,"0.7cm,1cm;;5mm,6mm"
1047,Carex_unisexualis,maximum_leaf_width,"1mm,2.5mm"
1048,Carex_unisexualis,maximum_plant_height,"10cm,15cm;;15cm,50cm"
1049,Carex_urelytra,maximum_leaf_width,"3mm,5mm"
1050,Carex_urelytra,maximum_plant_height,";20cm,60cm"
1051,Carex_ussuriensis,maximum_leaf_width,
1052,Carex_ussuriensis,maximum_plant_height,";20cm,40cm"
1053,Carex_vaginata,maximum_leaf_width,"3mm,5mm;;;;3mm,5mm"
1054,Carex_vaginata,maximum_plant_height,";20cm,50cm;"
1055,Carex_vanheurckii,maximum_leaf_width,"1mm,2mm"
1056,Carex_vanheurckii,maximum_plant_height,";10cm,30cm;"
1057,Carex_vesicaria,maximum_leaf_width,"2mm,5mm"
1058,Carex_vesicaria,maximum_plant_height,";30cm,100cm"
1059,Carex_vesicata,maximum_leaf_width,"3mm,4mm"
1060,Carex_vesicata,maximum_plant_height,";30cm,70cm"
1061,Carex_viridimarginata,maximum_leaf_width,
1062,Carex_viridimarginata,maximum_plant_height,";15cm,20cm;"
1063,Carex_vulpina,maximum_inflorescence_length,"3cm,4.5cm"
1064,Carex_vulpina,maximum_inflorescence_width,"1.5cm,2cm"
1065,Carex_vulpina,maximum_leaf_width,"5mm,7mm"
1066,Carex_vulpina,maximum_plant_height,";40cm,70cm"
1067,Carex_wahuensis,maximum_leaf_width,"3mm,12mm"
1068,Carex_wahuensis,maximum_plant_height,";20cm,100cm;1mm,2mm"
1069,Carex_wawuensis,maximum_leaf_width,"5mm,6mm"
1070,Carex_wawuensis,maximum_plant_height,";0cm,50cm;"
1071,Carex_wenshanensis,maximum_leaf_width,"4mm,5mm"
1072,Carex_wenshanensis,maximum_plant_height,";50cm,60cm"
1073,Carex_wui,maximum_leaf_width,"4mm,8mm"
1074,Carex_wui,maximum_plant_height,";50cm,100cm"
1075,Carex_wushanensis,maximum_leaf_width,"1.5mm,3mm"
1076,Carex_wushanensis,maximum_plant_height,";28cm,40cm;"
1077,Carex_wutuensis,maximum_leaf_width,"1.5mm,2mm"
1078,Carex_wutuensis,maximum_plant_height,";30cm,40cm;"
1079,Carex_wuyishanensis,maximum_leaf_width,"5mm,7mm"
1080,Carex_wuyishanensis,maximum_plant_height,";50cm,65cm"
1081,Carex_xiangxiensis,maximum_leaf_width,"0mm,17mm"
1082,Carex_xiangxiensis,maximum_plant_height,";40cm,90cm"
1083,Carex_xiphium,maximum_leaf_width,"6mm,8mm"
1084,Carex_xiphium,maximum_plant_height,";30cm,45cm"
1085,Carex_yajiangensis,maximum_leaf_width,"1mm,2mm"
1086,Carex_yajiangensis,maximum_plant_height,";40cm,50cm"
1087,Carex_yamatsutana,maximum_inflorescence_length,"1cm,2cm"
1088,Carex_yamatsutana,maximum_leaf_width,"2mm,3mm"
1089,Carex_yamatsutana,maximum_plant_height,;;
1090,Carex_yangshuoensis,maximum_leaf_width,"7mm,10mm"
1091,Carex_yangshuoensis,maximum_plant_height,";20cm,40cm"
1092,Carex_ypsilandrifolia,maximum_leaf_width,"1.5cm,3cm"
1093,Carex_ypsilandrifolia,maximum_plant_height,"15cm,20cm"
1094,Carex_yuexiensis,maximum_leaf_width,"0.5mm,1.5mm"
1095,Carex_yuexiensis,maximum_plant_height,";20cm,35cm"
1096,Carex_yulungshanensis,maximum_leaf_width,"1mm,2mm"
1097,Carex_yulungshanensis,maximum_plant_height,"0cm,50cm"
1098,Carex_yunlingensis,maximum_leaf_width,"4mm,5mm"
1099,Carex_yunlingensis,maximum_plant_height,";30cm,40cm;"
1100,Carex_yunnanensis,maximum_leaf_width,"2mm,3mm"
1101,Carex_yunnanensis,maximum_plant_height,"50cm,85cm;;20cm,50cm;"
1102,Carex_yunyiana,maximum_inflorescence_length,";2cm,2.5cm"
1103,Carex_yunyiana,maximum_plant_height,";20cm,40cm;"
1104,Carex_zekogensis,maximum_leaf_width,"1mm,2mm"
1105,Carex_zekogensis,maximum_plant_height,";15cm,20cm;;0.3mm,0.8mm"
1106,Carex_zhenkangensis,maximum_leaf_width,"7mm,10mm"
1107,Carex_zhenkangensis,maximum_plant_height,";65cm,70cm"
1108,Carex_zhonghaiensis,maximum_leaf_width,"2mm,3mm"
1109,Carex_zhonghaiensis,maximum_plant_height,";40cm,70cm;1.5mm,2mm"
1110,Carex_zizaniifolia,maximum_leaf_width,"2cm,2.5cm"
1111,Carex_zizaniifolia,maximum_plant_height,"60cm,70cm"
1112,Carex_zunyiensis,maximum_leaf_width,"1cm,1.5cm;25cm,70cm"
1113,Carex_zunyiensis,maximum_plant_height,
